msg_id,original_text,content,label,toxicity_score,prediction
e6865c831da40459,"Combining 'Official requests for clemency' section with 'Calls for release' section, still needs tidying and possibly re-ordering.",Combiner la section 'Demandes officielles de clémence' avec la section 'Appels à la libération' nécessite encore un peu de rangement et peut-être un réagencement.,0,0,0
cff2b456e5059b47,"Web 

Is this her own website? 113.22.84.65","Web

Est-ce son propre site web ? 113.22.84.65",0,0,0
880d3d608f37bee3,"RFCU 

FYI, I have opened Wikipedia:Requests_for_checkuser/Case/Betacommand. '''''' talk","RFCU 

Pour info, j'ai ouvert Wikipedia:Requests_for_checkuser/Case/Betacommand. '''''' discussion",0,0,0
dd29d52a4320a2e4,"Monitor for cleanup: 
As of the date signed below, I noticed the untitled link at reference [1] appears to be dead (http://module.smartech.gatech.edu/bitstream/1853/6262/1/AIAA-2002-5854.pdf).","Surveillance pour nettoyage :  
À la date signée ci-dessous, j'ai remarqué que le lien sans titre à la référence [1] semble être mort (http://module.smartech.gatech.edu/bitstream/1853/6262/1/AIAA-2002-5854.pdf).",0,0,0
d70e773c975839e1,I concur and have done so.,Je suis d'accord et je l'ai fait.,0,0,0
247de1db0d711341,"could have fooled me, hens!
last time i checked you come from the low lands and have edited tape","Tu m'as bien eu, les poules ! La dernière fois que j'ai vérifié, tu viens des Pays-Bas et tu as monté ton film à la hâte.",0,1,1
b2236bb18be3aa86,"Whatsmore, the citation refers to a study in 1999, before Chavez's health policy began.","De plus, la citation fait référence à une étude de 1999, avant que la politique de santé de Chávez ne commence.",0,0,0
e1c2def77960a093,"Help me clean up an article 

hey help me clean up this article. http://en.wikipedia.org/wiki/Sri_lanka_Armed_forces_Conduct_during_war

Please add images, remove unwanted material. thanks.","Salut, aide-moi à nettoyer cet article. Ajoute des images, enlève les éléments indésirables. Merci.",0,0,0
b48c788b797c2d58,""", 22 February 2008 (UTC)
Nah, I don't mind. The more people that join, the better. '''' JibbaJabba!'' 00:29""",""", 22 février 2008 (UTC)  
Non, ça ne me dérange pas. Plus il y a de gens qui rejoignent, mieux c'est. '''' JibbaJabba!'' 00:29""",0,0,0
92097eddfce97b5b,I didn't think it was an improvement.,Je ne pensais pas que c'était une amélioration.,0,0,0
547f596e29854539,It looks like the same person to me earoot@yahoo.com,Ça me semble être la même personne à moi earoot@yahoo.com.,0,0,0
4fbe2d3e771d2ea5,"Okay, done. What do you think?  hab","D'accord, c'est fait. Tu en penses quoi ?",0,0,0
e1b62911bc12de87,"Go right ahead, I don't see any problem with the suggestion.","Vas-y, je ne vois aucun problème avec cette suggestion.",0,0,0
dbc7caa106c495ef,I wonder if Wright's house is a tourist attraction like Johnny Adair's?,Je me demande si la maison de Wright est une attraction touristique comme celle de Johnny Adair ?,0,0,0
762cd552d5a2f9f2,"Okey i fixed the article to be more realistic, i am waiting feedback from others
Waffa","D'accord, j'ai corrigé l'article pour qu'il soit plus réaliste, j'attends les retours des autres.  
Waffa",0,0,0
33184ecc136b3714,So what its interesting dont you think?,"Alors, c'est intéressant, non ?",0,0,0
170676687b54c3ae,"This is a shared IP
This is a shared IP.",C'est une IP partagée.,0,0,0
affed1e1e5831082,"The 800 Club|800]] 04:25, 26 February 2007","Le Club des 800 | 800]] 04:25, 26 février 2007",0,0,0
67954c37f01b815f,"Ararat 

I expect an agology from you for censoring Ararat's role in Armenian culture. You get nothing.","Ararat

Je m'attends à des excuses de ta part pour avoir censuré le rôle d'Ararat dans la culture arménienne. Tu n'obtiendras rien.",0,0,0
6cacfc5e4ab51fa0,"Pashtuns, the dominant language there is Persian (see: Languages of Afghanistan","Pashtuns, la langue dominante là-bas est le persan.",0,0,0
b818ef67710c8056,"Voice 
Shouldnt it be noted that he has a very powerful voice?","Voix  
Ne devrait-on pas noter qu'il a une voix très puissante ?",0,0,0
4d557832fbda1ccc,"""
 We should do something about that. Euthansia maybe? (How do you euthanase(?) Wiki accounts?) RB88 (T) """,Nous devrions faire quelque chose à ce sujet. Peut-être l'euthanasie ? (Comment on euthanasie des comptes Wiki ?) RB88 (T),0,0,0
5e22d32d26d67c58,"""
Hi again, In my view it's a good article. But former reviewer has mentioned some problems which you can see here. Thanks(t-c) ""","Salut encore, à mon avis c'est un bon article. Mais l'ancien évaluateur a mentionné quelques problèmes que tu peux voir ici. Merci.",0,0,0
827cb61135f74a9d,"""
Hi, , Everything is OK. Thank you very much for your help! All the best,  ""","Salut, tout va bien. Merci beaucoup pour ton aide ! Tout le meilleur,",0,0,0
dd97158598d5d318,"Ruthless For Life
Can someone upload the Ruthless for Life album cover for Ren's discography pleaze?","Ruthless Pour La Vie  
Quelqu'un peut uploader la couverture de l'album Ruthless for Life pour la discographie de Ren s'il vous plaît ?",0,0,0
03545107ce7f46cf,"""

Also the last part of the last scentinence """"do things"""" is not really that descriptive of what is happening""","« De plus, la dernière partie de la dernière phrase ""faire des choses"" n'est pas vraiment descriptive de ce qui se passe. »",0,0,0
bc456c9c7e00410f,"Another question
Sorry to bother you again, Jimfbleak, but how do I insert a picture into the page?","Une autre question  
Désolé de te déranger encore, Jimfbleak, mais comment est-ce que j'insère une image dans la page ?",0,0,0
37184c63c4137f1c,There's also a problem with [ebu] in the list .  —,Il y a aussi un problème avec [ebu] dans la liste. —,0,0,0
017962c9c2fa509f,Then I misunderstood the notification ) Thank you for replying,Alors j'ai mal compris la notification. Merci d'avoir répondu.,0,0,0
8dd7cf19974f607d,"William S. Schaill
The original author removed the prod tag, I've listed it for afd.","William S. Schaill  
L'auteur original a retiré l'étiquette 'prod', je l'ai mentionnée pour la discussion sur la suppression.",0,0,0
985bc4c16fa1d839,"I'm inclined to assume good faith, nonetheless. And that evidence page was just a refractoring of the 3RR report, anyway.","Je suis enclin à supposer la bonne foi, cependant. Et cette page de preuves n'était qu'un refactoring du rapport 3RR, de toute façon.",0,0,0
c37eafa0b1ab656e,"""Bare in mind, I am attacking no one except those who call the truth """"an attack"""". ""","""Tenez compte du fait que je n'attaque personne, sauf ceux qui qualifient la vérité 'd'attaque'.""",0,0,0
96e8b1945271ea66,""", 3 September 2008 (UTC)
Are you talking about  or  ~ {talk/contrib} 12:17""",""", 3 septembre 2008 (UTC)  
Tu parles de ou ~ {discussion/contrib} 12:17""",0,0,0
288d80dc98aac919,"What is a nawlin 

I'm nt quite sure and was wondering so i'll just leave this here","Qu'est-ce qu'un nawlin ? 

Je ne suis pas vraiment sûr et je me demandais, alors je vais juste laisser ça ici.",0,0,0
f7150b8b15e8a72e,"""

 """"largest moon"""" 

Shouldn't it say largest known moon?   ""","« ""plus grande lune"" 

Ne devrait-on pas dire plus grande lune connue ? »",0,0,0
4c029692fc963e50,"lol soz
didnt know u were one of dem","mdr désolé  
je savais pas que tu faisais partie de ce genre de personnes",0,1,1
de3c68c8f27afb0c,"""Infact, point 3 states this """"3.Mere collections of public domain or other source material"""". ""","En fait, le point 3 stipule ceci : ""3. De simples collections de matériel du domaine public ou d'autres sources"".",0,0,0
153a07821c4512d7,"March 2007 
 Please stop. If you continue to vandalise Wikipedia, as you did to Women's rights, you will be blocked from editing.  - Denny","Mars 2007  
Merci d'arrêter. Si tu continues à vandaliser Wikipédia, comme tu l'as fait avec les droits des femmes, tu seras bloqué de l'édition. - Denny",0,0,0
f3f9248cf12cc124,">>
 I have just edited a message into the page about Ron Healey...
Paddy Oates, Canberra. ACT, Auz
<<","Je viens juste d'éditer un message sur la page concernant Ron Healey...  
Paddy Oates, Canberra. ACT, Australie.",0,0,0
1de329584779a2a3,"Scientology 
Are you now or having you ever been banned or blocked in in any of our Scientology articles?","Scientologie  
Êtes-vous actuellement ou avez-vous jamais été banni ou bloqué dans l'un de nos articles sur la Scientologie ?",0,0,0
8899684401b5c51c,You edits to this article are of interest. I support your changes. Well done.,Vos modifications de cet article sont intéressantes. Je soutiens vos changements. Bien joué.,0,0,0
8c8e78d83e063a7d,"RFC
you may want to check out this RFC
http://en.wikipedia.org/wiki/Talk:Armenia","RFC  
tu devrais jeter un œil à ce RFC",0,0,0
a1baa75378bacc1e,"You might try reviewing the section on personal vendettas yourself. This is typical of a right wing republican, trying to censor the LGBT community","Vous devriez peut-être essayer de lire vous-même la section sur les vendettas personnelles. C'est typique d'un républicain de droite, cherchant à censurer la communauté LGBT.",0,0,0
84dbfbd6bdd622fb,"Thanks for the review , I've addressed all your comments.","Merci pour la critique, j'ai pris en compte tous tes commentaires.",0,0,0
813c6b97bd416a31,What does the WHOIS information give you that would indicate that? Do you even understand the information?78.68.210.173,Qu'est-ce que les informations WHOIS te donnent qui indiquerait ça ? Tu comprends même les informations ? 78.68.210.173,0,0,0
c42577cbdf90506d,"Agrred, but I would keep a good eye on RedAnt though. 91.184.0.80","D'accord, mais je garderais un bon œil sur RedAnt quand même.",0,0,0
15b8d828447c1ac2,"Disney has already answered my question; Fall 2007. Oh, well.",Disney a déjà répondu à ma question ; automne 2007. Eh bien.,0,0,0
a82383081065028d,"""
Sorry, but """"there i am over-asked"""" (da bin ich überfragt). Really, i know nothing about uploading things on Commons. Cheers,   ""","Désolé, mais ""là, je suis dépassé"". Franchement, je ne sais rien sur le téléchargement de trucs sur Commons. À bientôt.",0,0,0
49e8057616e5f170,"====
Link to a source where this image is released as GFDL? The link given says nothing about copyright status of the logo",Lien vers une source où cette image est publiée sous GFDL ? Le lien donné ne dit rien sur le statut de copyright du logo.,0,0,0
6dd2351f2597e851,"No, he has a valid point and I have proved it very easily. See above proof.","Non, il a raison et je l'ai prouvé très simplement. Voir la preuve ci-dessus.",0,0,0
7464ea443165cd32,"""

Hi Mootros. I replied on the article discussion page. '''''' """,Salut Mootros. J'ai répondu sur la page de discussion de l'article.,0,0,0
5421b319db142ab6,"That's right. Cheers. I have dynamic assignation of IPs, not my fault.","C'est ça. Santé. J'ai une attribution dynamique des adresses IP, ce n'est pas de ma faute.",0,0,0
7c1cfd2399255b4f,"Bert Weedon

Although he has only two languages, I think he deserves a place as he was very influential in guitairing","Bert Weedon

Bien qu'il n'ait que deux langues, je pense qu'il mérite une place car il a été très influent dans le domaine de la guitare.",0,0,0
e7364f3eb67454c9,"League leader/NFL record markers 

Why were those removed from the stats tables? They're still there for, e.g., Peyton Manning.","Pourquoi ont-ils été retirés des tableaux de stats ? Ils y sont toujours pour, par exemple, Peyton Manning.",0,0,0
7eeb5e8e564b99f0,"page move/merge 

Hello AdventurousSquirrel, what was your rationale for this page move]?  Thanks.","Bonjour AdventurousSquirrel, quelle était ta raison pour ce déplacement de page ? Merci.",0,0,0
e8ea81d9eac81735,"Deletion
This has been tagged for Speedy Deletion as it is the same article previously deleted as","Suppression  
Ceci a été marqué pour une suppression rapide car c'est le même article précédemment supprimé sous.",0,0,0
fd35165c9ee53baf,"""
i agree. split only when necessary by size, only 37k, nowhere near big enough. ⇔ †@1₭ ""","Je suis d'accord. Ne divise que si c'est nécessaire par taille, seulement 37k, pas du tout assez gros.",0,0,0
e5223cd506153f64,what i mean by the anti edditing thing is your vandilism protector,"Ce que je veux dire par le truc anti-édition, c'est ton protecteur de vandalisme.",0,1,1
89f78df565666559,Who said the Native Americans weren't from the Middle East and Far East? All DNA points to their haplogroups originating there.,Qui a dit que les Amérindiens ne venaient pas du Moyen-Orient et de l'Extrême-Orient ? Tous les ADN montrent que leurs haplogroupes proviennent de là.,0,0,0
c31be36ccd929bb8,", 8 June 2012 (UTC)

 There after me ! 
http://indianmilitarynews.files.wordpress.com/2011/05/indian-army-rape-us.jpg
Indian kids trying to rape my user page ( 86.182.174.123  08:53",Il y a des enfants indiens qui essaient de violer ma page utilisateur !,0,0,0
be7c0c94a5313a3d,(I'm sorry I actually know the law),"Désolé, je sais en fait la loi.",0,0,0
d6a581d8ed5f1a33,"""above line is generated by """"subst:Copyvio|url""""""","""La ligne ci-dessus est générée par """"subst:Copyvio|url""""""",0,0,0
be868bd4f99965d2,"Enough said? Not really. Paint Your Wagon, despite being a weird idea, isn't utterly terrible.","Assez dit ? Pas vraiment. Paint Your Wagon, malgré son idée bizarre, n'est pas complètement terrible.",0,0,0
3645b913469bdf02,ok i guess i got to read and learn more about editing. well thanks,"D'accord, je suppose que je dois lire et apprendre davantage sur le montage. Eh bien, merci.",0,0,0
62486c1da44f53e9,"""
He just vandalized your page again. He should be blocked indefinetly for repeadiatly vandalizing. """"aka"""" Thetruthbelow ""","Il vient encore de vandaliser ta page. Il devrait être bloqué indéfiniment pour vandalisation répétée. ""aka"" La vérité en dessous",0,0,0
0b5ccac38d10b413,I just tag it so some administrator can delete it.   (talk),Je le signale juste pour qu'un administrateur puisse le supprimer.,0,0,0
e5c2e2a02dddedb2,"Thank you 

Thank you for this 

http://en.wikipedia.org/w/index.php?title=National_Revival_of_Poland&diff;=190039385&oldid;=190025515

Slava bratiom Ceskim ! ;) Slava Slavianom bratie !","Merci

Merci pour ça

Gloire aux frères tchèques ! ;) Gloire aux frères slaves !",0,0,0
c9c6e0e7ee5baf73,"What did you dream? It's alright, we told you what to dream. Congratulations, anyways. -)  (talk)","Qu'est-ce que tu as rêvé ? C'est bon, on t'a dit quoi rêver. Félicitations, quand même. -)",0,0,0
7c9982ea347aae91,Oh thanks very much and sorry for not noticing your respond...I'll look at those pages again and find out what's wrong(actually I forgot).,"Oh merci beaucoup et désolé de ne pas avoir remarqué ta réponse... Je vais regarder ces pages à nouveau et découvrir ce qui cloche (en fait, j'ai oublié).",0,0,0
b1d9ea1636fe2e50,"Fox
Stop posting this rubbish about Fox and Al Jazeera",Arrêtez de poster ces conneries sur Fox et Al Jazeera.,0,1,1
e4c66847fdcad35a,"""

 A barnstar for you! 

  The Original Barnstar For adding images to Melbourne railway station articles   ""","Une étoile de grange pour toi !

L'Étoile de Grange Originale Pour avoir ajouté des images aux articles sur la gare de Melbourne",0,0,0
a1be934343f634de,"Yes, this should be reverted. maybe we give Scolaire a few hours to self revert first?","Oui, ça devrait être annulé. Peut-être qu'on devrait donner à Scolaire quelques heures pour se rétracter tout seul d'abord ?",0,0,0
4c63863f4c4a363a,"thanks a lot 

i can edit now","merci beaucoup

je peux éditer maintenant",0,0,0
9f7678c1c4c57190,", check my edition again please. And tell me what is the problem now. Thanks.",Vérifie encore une fois mon édition s'il te plaît. Et dis-moi quel est le problème maintenant. Merci.,0,0,0
4355417d01ff0d8e,I see your point. Perhaps the article should be titled Lists of Seven Wonders of the World?,Je vois ce que tu veux dire. Peut-être que l'article devrait s'appeler Listes des Sept Merveilles du Monde ?,0,0,0
3761497fd14121ad,"Category 

Could an admin please change Category:Armenian history to Category:History of Armenia?  The former is being renamed.  Thanks,  20:15, 22 Jun 2005 (UTC)","Catégorie

Un administrateur pourrait-il s'il vous plaît changer la Catégorie:Histoire arménienne en Catégorie:Histoire de l'Arménie ? La première est en train d'être renommée. Merci, 20:15, 22 juin 2005 (UTC)",0,0,0
a04956f230bcb11c,"Tony Pastor. - Tim, 14 July, 2009.","Tony Pastor. - Tim, 14 juillet 2009.",0,0,0
7ab55f5165ed9291,"The failure of Fagreterion 

Fagreterion can't stop me!","L'échec de Fagreterion

Fagreterion ne peut pas m'arrêter !",0,0,0
ddb11abeca87bb3c,"birth place  

 YC was not born in Jonesboro Georgia","lieu de naissance  

YC n'est pas né à Jonesboro, en Géorgie.",0,0,0
ec2b5e0587e6d405,It is not blatant advertising it is simply telling what it is.... how should it be changed other than a simple bio?,"Ce n'est pas une pub flagrante, c'est simplement dire ce que c'est... comment ça pourrait être changé autre qu'une simple biographie ?",0,0,0
18798f7376506b07,"Unregistered punk think's he's so cool 

This isn't a personal attack, what are you talking about.","Un punk non enregistré se prend pour un mec tellement cool.

Ce n'est pas une attaque personnelle, de quoi tu parles.",0,0,0
e42cb4ca527e1da3,"""

 Ooops 

We all make mistakes. I meant elitist, not eletist. I guess """"swine"""" might have been easier.... D""","Oups

Nous faisons tous des erreurs. Je voulais dire élitiste, pas eletiste. Je suppose que ""porc"" aurait été plus simple.... D",0,0,0
ddfa79358d7982ba,"People magazine, umm yeah, no, that does not meet WP:MEDRS.","People magazine, euh ouais, non, ça ne respecte pas WP:MEDRS.",0,0,0
a710d080033ad0a8,"I have to agree with Rmhermen...
Leave me a message on my talk-page if you have any questions or concerns with this comment
Yashtulsyan","Je dois être d'accord avec Rmhermen...  
Laisse-moi un message sur ma page de discussion si tu as des questions ou des préoccupations concernant ce commentaire.  
Yashtulsyan",0,0,0
24973be1304921bb,"QuackGuru, we are already over that pseudohistorical revisionism. You know it better than I do.","QuackGuru, on a déjà dépassé ce révisionnisme pseudohistorique. Tu le sais mieux que moi.",0,0,0
beb0ae1102bd6348,"Ummm
The top 10 oldest people living list has remained unchanged for over three months. Is this a record? Will it ever be updated?","Euh  
La liste des 10 personnes les plus âgées vivantes est restée inchangée pendant plus de trois mois. C'est un record ? Ça sera jamais mis à jour ?",0,0,0
3b87b717957aaf37,"In fact Goda died circus 1047, and Eustache married Ida about 1049. Regards,","En fait, Goda est morte en 1047, et Eustache a épousé Ida vers 1049. Cordialement,",0,0,0
fc4ccc6e20f43f58,"I've reverted most of the edits, although I don't find any problems with A580666's edit to [[Chinese Singaporean]]. GotR Talk","J'ai annulé la plupart des modifications, même si je ne trouve aucun problème avec la modification d'A580666 sur [[Chinois de Singapour]]. GotR Discussion",0,0,0
81a193ec21177f25,"Yes, I believe it is. Thank you very much.","Oui, je le crois. Merci beaucoup.",0,0,0
7abeff1adf8066a8,Sorry about the vandalism - I've seen the error of my ways,Désolé pour le vandalisme - j'ai vu l'erreur de mes façons.,0,0,0
987abd429cd14540,"Hispanic
What the hell do Hispanics have to do with this? I'm erasing it.",Qu'est-ce que les Hispaniques ont à voir avec ça ? Je l'efface.,0,1,1
3409616715f118fa,"""
You are bs-ing again with your """"no consensus."""" Nothing of the sort was said in the talk page.  ""","Tu racontes encore des conneries avec ton ""pas de consensus"". Rien de tout ça n'a été dit sur la page de discussion.",0,0,0
4e3700e5093ab1e6,Just because you disagree that he is a conspiracy theorist does not mean I need to censor.,Ce n'est pas parce que tu n'es pas d'accord pour dire qu'il est un théoricien du complot que je dois censurer.,0,0,0
bc7b61118507bf4f,"""   (Leave me a message)

""",(Laisse-moi un message),0,0,0
ed9c1efb41f02916,"Hi Bruno 

 Hi Bruno. How's things? I'll get the SPI together over the wknd. Cheers,","Salut Bruno,

Comment ça va ? Je vais préparer le SPI ce week-end. À plus,",0,0,0
e7df978258868f5e,hu.... Does it refresh every time I refresh the page?,Euh... Est-ce que ça se met à jour chaque fois que je rafraîchis la page ?,0,0,0
909b3bec738614f9,"Please, could you explain your thinking for your warnings on my page? Thank you.","S'il te plaît, pourrais-tu expliquer tes réflexions sur tes avertissements sur ma page ? Merci.",0,0,0
baf86b93cc212702,"pdf 

I doubt you'll be surprised to learn I agree. Cheers,","Je ne doute pas que tu seras surpris d'apprendre que je suis d'accord. Santé,",0,0,0
63ef41ee3e3f5fd7,"""

I think """"1st Lord Hailes"""" should be added to this page's title.  ""","Je pense que """"1er Lord Hailes"""" devrait être ajouté au titre de cette page.",0,0,0
47b60ce20228d51f,""", 28 May 2010 (UTC)
 —·comms 17:28""",", 28 mai 2010 (UTC)  
—·comms 17:28",0,0,0
74795a18fe96b5cb,"""
Dude, you keep vandalizing it by adding spelling errors. contribsTALK ""","Mec, tu continues à le vandaliser en ajoutant des fautes d'orthographe.",0,0,0
807168058208dc6a,I think John Milton died a few centuries ago! Hence his poems are in the public domain.,Je pense que John Milton est mort il y a quelques siècles ! D'où le fait que ses poèmes soient dans le domaine public.,0,0,0
519b3ff2988dd846,", by the way are we still friends.}}","Au fait, on est toujours amis ?",0,0,0
a64d7ee9c33e61a5,This is going to a long drawn out issue...,C'est un problème qui va s'éterniser...,0,0,0
dc33313e15a7c1dc,"An indefinite block is appropriate, even for a minor infraction, if you show know signs of discontinuing.  —   (talk)","Un blocage indéfini est approprié, même pour une infraction mineure, si tu ne montres aucun signe d'arrêter.",0,0,0
6c3feae425dca667,"Yep, I'll have a look in a bit. Thanks for the heads-up. =) 「[[Special:Contributions/Dinoguy1000|千？！]]」? · Talk⇒Dinoguy1000","Ouais, je vais jeter un œil tout à l'heure. Merci pour l'info. =)",0,0,0
18df7605a2af7fd2,list of works is not a cpyright vio.,la liste des œuvres n'est pas une violation du droit d'auteur.,0,0,0
78ba428dc9822a01,"Barelvi Article
Hi! Thank You for You maintaining neutral version at Barelvi Page.",Salut ! Merci de maintenir une version neutre sur la page des Barelvi.,0,0,0
2a7cff99fa8ee7d2,Approve. I second the above comment of Frederico1234.,Approuvé. Je soutiens le commentaire ci-dessus de Frederico1234.,0,0,0
584be10cd96a4e41,That's all i have to say,C'est tout ce que j'ai à dire.,0,0,0
5a0eea82969faaa5,"""
 Lol okay Sasha, I thought you were going to """"Disappear"""" P  —  • TALK   ""","Lol d'accord Sasha, je pensais que tu allais """"disparaître"""" P — • PARLER",0,0,0
c3e0deb15321de37,", also no one was required to join the PIRA and they can freely leave at anytime","De toute façon, personne n'était obligé de rejoindre le PIRA et ils peuvent partir librement à tout moment.",0,0,0
088052f1bebba391,"|Lesson learned, I will always post on discussion forum, if there is no opposition, then revert(provided a reputable source}}","Leçon apprise, je posterai toujours sur le forum de discussion, s'il n'y a pas d'opposition, alors je reviens en arrière (à condition d'avoir une source de confiance).",0,0,0
b6f0c22ed73d8bd9,Isn't it just better to not place a picture there at all? Take the picture out.,N'est-il pas simplement préférable de ne pas mettre de photo là-dedans du tout ? Enlève la photo.,0,0,0
843c096fdf0f4118,How is the photo spam?   Talk,Comment c'est de la merde cette photo ? Parle.,0,0,0
7abc9f833f0ec939,Your point being? This is my first revert in 24 hours.,Votre point étant ? C'est mon premier retour en 24 heures.,0,0,0
042588634b739f5c,"Alas, the Autoblock was not lifted.","Hélas, le blocage n'a pas été levé.",0,0,0
647c2c6cebe3694b,"I've started a section for discussion on the talk page, we can go on from there.  (Евлекис)","J'ai commencé une section de discussion sur la page de discussion, on peut continuer à partir de là.  (Евлекис)",0,0,0
638cac2669d0bcfa,"Please stop.  If you continue to vandalize pages, you will be blocked from editing Wikipedia. – (t/c)","Veuillez arrêter. Si vous continuez à vandaliser des pages, vous serez bloqué de l'édition de Wikipédia. – (t/c)",0,0,0
34516e3055079476,Where is the source that KLM uses JP8+100 in it's boeing fleet?,Où est la source qui dit que KLM utilise le JP8+100 dans sa flotte de Boeing ?,0,0,0
db232b91dce201e9,"Thanks, my bad, I only looked at the edit that deleted it. P","Merci, ma faute, je n'ai regardé que l'édition qui l'a supprimée.",0,0,0
bedb774095a9bcec,"""

 help in modifying script 

Would it be within your skill set to modify ''¡digame!¿que pasa?'' ""","Aide à modifier le script

Serait-ce dans tes compétences de modifier ''¡digame!¿que pasa?''",0,0,0
041e31a0e3392c2b,Its an interesting one in that the great hero von mueller actually created a weed issue in the name of leaving tracks! Suro,C'est intéressant dans le sens où le grand héros von Mueller a en fait créé un problème de mauvaises herbes au nom de laisser des traces ! Suro,0,0,0
e16062b10c014e82,"British; cheque American; check, British; banque American; bank...","Britannique ; chèque Américain ; check, Britannique ; banque Américain ; bank...",0,0,0
ef9e759ec34ce71f,"""

Not fair. I have the PS2 version.   01:25, August 10, 2005 (UTC)""","Pas juste. J'ai la version PS2. 01:25, 10 août 2005 (UTC)",0,0,0
85e58dec1e3e9cfc,"- Material which is entirely sourced from the Wikipedia article that I created on De Poelen, Dronrijp.","- Matériel entièrement provenant de l'article Wikipedia que j'ai créé sur De Poelen, Dronrijp.",0,0,0
6037714ed2d6785c,"In the immortal words of Arnie, I'll be back >:D","Dans les mots immortels d'Arnie, je reviendrai >:D",0,0,0
3a6dcec0b14e0f36,"I want C-HAND 

I want C-Hand's raspberry boobies.",Je veux les seins framboise de C-Hand.,0,0,0
319c26703da37b63,"""
You're welcome, Oh well that's a relief I guess ) Anyway thanks, have a nice day, – • (talk) ""","De rien, eh bien, c'est un soulagement je suppose :) Quoi qu'il en soit, merci, passe une bonne journée.",0,0,0
7dbb929d7f5692f2,George Hewitt is not a reliable source.,George Hewitt n'est pas une source fiable.,0,0,0
c916a4f288d9687a,""")

Please approve heli12  (talk) 17:50, 3 February 2007 (UTC""","Veuillez approuver heli12 (discussion) 17:50, 3 février 2007 (UTC)",0,0,0
0ef790658ead6f09,"I continue to support it.  What is a sock puppet?

 Objections to BTB","Je continue à le soutenir. Qu'est-ce qu'une marionnette à chaussette ?

Objections au BTB.",0,0,0
0633e0577f32be0e,"Thanks for the info about double redirects.  Kind of new to them.  I'm up at 1:07 AM contributing to wikipedia, man this is crazy.","Merci pour les infos sur les doubles redirections. Je débute un peu avec ça. Je suis debout à 1h07 du matin à contribuer à Wikipédia, mec, c'est fou.",0,0,0
d9787cead7446199,You deleted the things that I put on Alan Clyne's profile saying that it was not cited. It was... Please put it back,"Tu as supprimé les choses que j'avais mises sur le profil d'Alan Clyne en disant que ce n'était pas cité. C'était bien le cas... Remets ça, s'il te plaît.",0,0,0
76e5511fe778a066,"Keep.  21:13, 14 Dec 2004 (UTC)","Conservez. 21:13, 14 décembre 2004 (UTC)",0,0,0
cd52395e5de0a1dd,"International Hockey League]]==
 add links to original league

==[[",Ligue internationale de hockey.,0,0,0
e4015740a61e33b2,"Its a good compromise, but the rule that forces us to use the most common name does not give us that option.","C'est un bon compromis, mais la règle qui nous force à utiliser le nom le plus courant ne nous donne pas cette option.",0,0,0
58699a5ccc0898e2,It seems to me they should be merged.  In the meantime I added a link.,"Il me semble qu'ils devraient être fusionnés. En attendant, j'ai ajouté un lien.",0,0,0
b7499be87a9a40c3,", I get none as I am a gobshite.",Je n'en ai pas du tout car je suis un imbécile.,0,1,1
d5f526a5e8fe9c49,i dont even know what to do on this site.,Je ne sais même pas quoi faire sur ce site.,0,0,0
ba415e701e5019af,"Hey, Infinity0, whatever happened to your really ugly chart on types of anarchism?","Hé, Infinity0, qu'est-ce qu'il est devenu ton graphique vraiment moche sur les types d'anarchisme ?",0,1,1
bf07327e5473722a,"Oh, and Captain Finger Wag can tut-tut at someone who gives a flip.","Oh, et le Capitaine Tousse-Mou peut faire des reproches à quelqu'un qui s'en fout.",0,0,0
fdace8436eb543cc,"""
Check Frightner for the meaning of continually disruptive and for every possible way of insulting other editors after you got banned.  T ""","Vérifie Frightner pour le sens de ""continuellement disruptif"" et pour toutes les façons possibles d'insulter les autres éditeurs après avoir été banni. T",0,0,0
0b2d0d4b09aef03d,"Help 

Can someone please undo the OR being added by an IP to Almighty Vice Lord Nation? -  ✉","Aidez-moi

Est-ce que quelqu'un peut enlever l'OR ajouté par un IP à la Nation des Grands Seigneurs Vice ? - ✉",0,0,0
c71619bc044723d8,"""in this system, and """"welcomed"""", like a drug addict getting another hit ""","""dans ce système, et """"accueilli"""", comme un toxicomane qui reçoit une autre dose""",0,0,0
726ea35aecfc7ccf,I'm afraid you don't know what you're talking about!,J'ai peur que tu ne sais pas de quoi tu parles !,0,0,0
ce7b04e40783ae18,English is not my native language. Unfortunately in my country English even is not third language so far.,"L'anglais n'est pas ma langue maternelle. Malheureusement, dans mon pays, l'anglais n'est même pas encore la troisième langue.",0,0,0
43b984d8278425ed,"Might not have been in E. Not in Voegelin either.  Perhaps just Ruhlen.  

Yeah, no need for the other retired codes.  —","Peut-être pas dans E. Pas dans Voegelin non plus. Peut-être juste Ruhlen.  

Ouais, pas besoin des autres codes de retraités. —",0,0,0
9664b7d015dd9666,"What we still need to resolve is the NPOV discussion in the section above.  04:05, July 23, 2005 (UTC)","Ce qu'il nous reste à résoudre, c'est la discussion sur le NPOV dans la section ci-dessus. 04:05, 23 juillet 2005 (UTC)",0,0,0
90b13e944ada83ff,I like the term Eastern Eurasian better than Mongoloid.,Je préfère le terme Eurasien de l'Est à Mongoloïde.,0,0,0
0f2b8c1926ceb3fd,(here's his profile stating it ),(Voici son profil qui le dit),0,0,0
c92cad06a82758b7,"Just when we thought it couldn't get any messier, Volkova, Feygin and Polozov are suing Kommersant newspaper and Irina Khrunova for defamation. http://lenta.ru/news/2013/01/21/isk/","Juste au moment où nous pensions que c'était déjà assez bordélique, Volkova, Feygin et Polozov attaquent le journal Kommersant et Irina Khrunova en diffamation.",0,0,0
bcf800f3d696d0e1,"On wikitravel you can also see what is correct. That Scandinavia are Den, Nor and Swe. http://wikitravel.org/en/Scandinavia Comanche cph","Sur wikitravel, tu peux aussi voir ce qui est correct. Que la Scandinavie c'est le Danemark, la Norvège et la Suède.",0,0,0
455da23bf0ad13b4,Many thanks - do you have a page number for the Sedunary ref? Snowman,Merci beaucoup - as-tu un numéro de page pour la référence Sedunary ? Bonhomme de neige.,0,0,0
0f2d539c10f0991f,http://www.thesun.co.uk/sol/homepage/showbiz/tv/x_factor/2585128/Louis-Walsh-gets-the-groups.html - follow this link and it tells u all abt the judges categories !,"Désolé, je ne peux pas accéder à des liens.",0,0,0
cc67a9a43eb98d22,I do not have vandalized hkcugu is that he continued to eliminate my edits not wrong on some pages of wikipedia.,"Je n'ai pas vandalisé hkcugu, c'est juste qu'il a continué à supprimer mes modifications, ce qui n'est pas faux, sur certaines pages de Wikipédia.",0,0,0
f1b4d0ed68e4cdac,"Again, a meritless edit to my talk page.  I can't figure out how to get rid of this guy.",Encore une modification sans fondement sur ma page de discussion. Je n'arrive pas à me débarrasser de ce type.,0,0,0
0c11002791bb49c1,"]]
 Five Little Indians
 Krosswindz
 Someplace Else (Kolkata)
 [[Chronic Xorn","Cinq petits Indiens  
Krosswindz  
Ailleurs (Calcutta)  
Xorn Chronique",0,0,0
4568c119ad303db3,"What an awful article! I don't know, I'm missing out. —","Quel article terrible ! Je ne sais pas, je rate quelque chose. —",0,0,0
19ae3f887cf0ca1b,"I'd love a picture, but that one is copyrighted. -","J'aimerais une photo, mais celle-là est protégée par des droits d'auteur.",0,0,0
313527c4d5991f76,Can we delete the one I uploaded?,Peut-on supprimer celui que j'ai téléchargé ?,0,0,0
d3abe9f3e6488b3f,"Your block was in good faith, but terribly mistaken.","Votre blocage était de bonne foi, mais terriblement erroné.",0,0,0
aa477904603fcfec,"""
Why do you ask?  (TALK) """,Pourquoi tu demandes ? (PARLE),0,0,0
8337eea9a8f12e33,so whats up with this chris nelson dude?  why are you so leery of him?,"Alors, c'est quoi ce mec Chris Nelson ? Pourquoi tu te méfies autant de lui ?",0,1,1
aa45c6701471a332,"Movies 

Were any movies produced about this war?(just being curious)",Des films ont-ils été réalisés sur cette guerre ? (je suis juste curieux),0,0,0
a2e47ed129f773f9,"Obviously, I have a regard for other opinions or I wouldn't be discussing things here. I would simply be reverting things in the article.","Évidemment, j'ai du respect pour d'autres opinions sinon je ne discuterais pas ici. Je me contenterais de modifier les choses dans l'article.",0,0,0
09033bd28bc8af77,Naw lets just keep it here for now,"Non, gardons-le ici pour l'instant.",0,0,0
dd68f2cf35476970,"]]
Marion Giordan
Marion Giordan author of:
Consumer Education_(book)
Consumer Education: A Handbook for Teachers
How to be Exploited_(book)
[[The Consumer Jungle_(book)","Marion Giordan  
Marion Giordan, auteur de :  
Éducation à la consommation_(livre)  
Éducation à la consommation : Un manuel pour les enseignants  
Comment être exploité_(livre)  
[[La jungle des consommateurs_(livre)",0,0,0
3a0e685e0c518c10,"Hi, thank you for contributing to Wikipedia.

However, when editing a disambiguation page please follow Wikipedia:Disambiguation dos and don'ts. Thanks,","Bonjour, merci de contribuer à Wikipedia.

Cependant, lorsque vous éditez une page de désambiguïsation, veuillez suivre les recommandations de Wikipedia : les choses à faire et à ne pas faire en matière de désambiguïsation. Merci,",0,0,0
7a10e2e631b7a09f,good old Sterbinski! what a pity to lose that flower of Macedonian intelligentsija for Wikipedia )  (ᛏ),bon vieux Sterbinski ! quel dommage de perdre cette fleur de l'intelligentsia macédonienne pour Wikipédia )  (ᛏ),0,0,0
6e5cd9e8bf67d800,"be better avoiding me as I have been doing with him as much as possible, better that than","mieux vaut m'éviter comme je l'ai fait avec lui autant que possible, mieux vaut ça que",0,0,0
201f01318b5c0cdd,Check out my youtube account and leave a comment!! http://www.youtube.com/profile?user=NaturalNeil,Vas voir mon compte YouTube et laisse un commentaire !,0,0,0
3da9000e3acd343d,(which you have not proven and is contrary to what the sources below say),(ce que vous n'avez pas prouvé et qui est contraire à ce que disent les sources ci-dessous),0,0,0
5fb22bfa9b548b48,"""

 Happy First Edit Day 
Happy First Edit Day,  ,  from the Wikipedia Birthday Committee! Have a great day! ~   ""","Joyeux Premier Jour de Modification, de la part du Comité des Anniversaires de Wikipédia ! Passez une excellente journée !",0,0,0
097b9d1ce20a0298,I made clear Trabzon as Turkish name of the city. Because the city not located in Greece,J'ai clairement indiqué que Trabzon est le nom turc de la ville. Parce que la ville n'est pas située en Grèce.,0,0,0
87e5fb7cfe7f8a59,"Please stop. If you continue to vandalize Wikipedia, you will be blocked from editing.   (Talk, Contribs)","Veuillez arrêter. Si vous continuez à vandaliser Wikipédia, vous serez bloqué de la possibilité de modifier.",0,0,0
529cc7dad16beb00,"In french this page has the name http://fr.wikipedia.org/wiki/Marching_tetrahedra
Someone could creat the link between the two pages please ? (and delete this message after)","En français, cette page s'appelle http://fr.wikipedia.org/wiki/Marching_tetrahedra. Quelqu'un pourrait créer le lien entre les deux pages, s'il vous plaît ? (et supprimer ce message après)",0,0,0
d4dc6fde411bd4c1,"color of plates 

why does my state have two different color lettering for thier plate?",Pourquoi mon état a-t-il deux couleurs de lettrage différentes sur ses plaques ?,0,0,0
669b4154433e1608,Why did you remove the information about the two christmas eve ballgames? That is a unique fact.,Pourquoi as-tu enlevé l'information sur les deux matchs de Noël ? C'est un fait unique.,0,0,0
cb570c9b6b0d4806,== Delete my comments all day phat boy il keep posting them,"Supprime mes commentaires toute la journée, gros lard, je vais continuer à les poster.",0,1,1
4f7e16d11ede0b48,"""
 I'll take a look tonight.  Cheers, Tim.    [your turn] ""","Je vais jeter un œil ce soir. Merci, Tim. [à toi maintenant]",0,0,0
56fe56b77d73561d,"April 2011 (UTC)
Repaired; any measured appropriate comments Mr. Rubin (tweaking), or anyone else?  97.87.29.188  22:37, 5","Avril 2011 (UTC)  
Réparé ; des commentaires appropriés mesurés M. Rubin (ajustements), ou quelqu'un d'autre ? 97.87.29.188 22:37, 5",0,0,0
232f7c3f77796892,"RE WELCOME BACK
Cheers Mark!!! Had to get away from the Nutters for a few days Simon","RE BIENVENUE EN RETOUR  
Santé Mark !!! J'ai dû m'éloigner des cinglés pendant quelques jours Simon",0,0,0
568a221cdad37fa6,"""

how about the brewer """"highgate ales"""" from walsall""","Que penses-tu du brasseur ""Highgate Ales"" de Walsall ?",0,0,0
8ef7240b133b44fa,"You're free to submit patches, but give me a while to get settled in before adding committers. ʎʇɹnoɟʇs(st47)","Tu es libre de soumettre des correctifs, mais laisse-moi un moment pour me mettre en place avant d'ajouter des commiteurs.",0,0,0
8a5370b767322f4a,"So if I get the original writer to ask, can you provide it to him?","Donc si je fais demander par l'écrivain original, peux-tu le lui fournir ?",0,0,0
4b1fe017890d15ea,"|action2=PR
|action2date=June 1 2007
|action2link=Wikipedia:Peer review/Pipe organ
|action2result=Reviewed
|action2oldid=133145310","|action2=PR  
|action2date=1er juin 2007  
|action2link=Wikipédia:Révision par les pairs/Orgue à tuyaux  
|action2result=Revu  
|action2oldid=133145310",0,0,0
d2cc139c71fa9354,"I improved a bit his biography thanks to this source, who gives some more information: .","J'ai un peu amélioré sa biographie grâce à cette source, qui donne quelques informations supplémentaires.",0,0,0
967dda47f44aa6f4,because I'm so egotistical that I can never be wrong,parce que je suis tellement égocentrique que je ne peux jamais avoir tort,0,0,0
2be295144835e2e3,"""

 Attendances 

Where do you get the attendances from?  ""","Assiduités

D'où tu sors les assiduités ?",0,0,0
169e7d1143e5a0fc,"""uranium""""] Inhaled Particles, vol. 2, pp. 819-38, at p. 836.""","""uranium""""] Particules inhalées, vol. 2, pp. 819-38, à la p. 836.""",0,0,0
d326e230b51deeee,"Thanks for the encouragement and the correction. I've edited above. Or tried, too. I'm not too high tech. John","Merci pour l'encouragement et la correction. J'ai édité ci-dessus. Enfin, j'ai essayé aussi. Je ne suis pas très à l'aise avec la technologie. John",0,0,0
b8cde89139a61335,"Congratulations on taking David Helvarg from VfD to featured article.  July 9, 2005 01:15 (UTC)",Félicitations d'avoir fait passer David Helvarg de la suppression de page à l'article vedette. 9 juillet 2005 01:15 (UTC),0,0,0
db3288dd14e20545,I understand that. What about a former characters page?,Je comprends ça. Et qu'en est-il d'une page des personnages précédents ?,0,0,0
76d7c46dbab91916,"Another diacritics proposal... 

...is at Wikipedia:Use diacritics.","Une autre proposition de diacritiques... 

...se trouve sur Wikipédia : Utiliser des diacritiques.",0,0,0
714060d54a3742ce,"this article does read like an ad, and without the hype, it easily violates WP:NOT.","Cet article a effectivement des airs de publicité, et sans l'exagération, il enfreint facilement WP:NOT.",0,0,0
74a5f2fb4a4c44ed,"Cost 
I see no explanation of the cost of attending this university.","Coût  
Je ne vois aucune explication sur le coût de la fréquentation de cette université.",0,0,0
fccc7910a256d23f,"Well, mea clupa. Unfortunately I mixed it up )","Eh bien, mea culpa. Malheureusement, je me suis mélangé les pinceaux.",0,0,0
bcac690c48cd3551,"I'm not vandalising anything. I'm adding to the Wikipedia. You're one to talk. I saw your user info, you lazy perv","Je ne vandalise rien. J'ajoute à la Wikipédia. Toi, tu ne devrais pas parler. J'ai vu ton profil, espèce de pervers paresseux.",1,1,1
3c36f6b4bd692ab5,"FUCK U CAMEROON

PROTECING ILLEGAL EDITS BY MOHAMAD AYOOB

U WILL BE HUNTED NOW","VA TE FAIRE FOUTRE CAMEROUN

PROTEGEANT DES MODIFICATIONS ILLEGALES PAR MOHAMAD AYOOB

TU VAS ÊTRE CHASSÉ MAINTENANT",1,1,1
c1fb76ac586cf1da,"Damned 

Motherfucker you disturbed me. Don't blocked me. Contact me in Facebook. Understand, don't talk the nonsense things.","Foutue 

Enculé, tu m'as dérangé. Ne me bloque pas. Contacte-moi sur Facebook. Comprends, ne dis pas de conneries.",1,1,1
a35c7fca19ae5a13,"""

 STOP EDITING THE CANNISTRARO PAGE 

JUST STOP OK. NOTHING YOU DO IS HELPING. YOU ARE AN IDIOT. STOP.Talk ""","ARRÊTE DE MODIFIER LA PAGE CANNISTRARO

ARRÊTE JUSTE OK. RIEN DE CE QUE TU FAIS N'AIDE. TU ES UN IDIOT. ARRÊTE.",1,1,1
99a7201c3d5ef8e9,"FUCK YOU UNFAIR ASSHOLE
YOU DONT EVEN CARE FOR FAIRNESS JUST 
BEING A FUCKING DRONE  ASSHOLE
\","VA TE FAIRE FOUTRE, ENFOIRÉ INJUSTE.  
TU T'EN FOUS TOTALMENT DE LA JUSTICE, TU N'ES QU'UN PUTAIN DE DRONE, ENFOIRÉ.",1,1,1
cd64e48fc4b0d0bf,"I was quoting you, you dumb bastard. You really don't understand ANYTHING","Je te citais, espèce de connard. Tu ne comprends vraiment RIEN.",1,1,1
6b7fb1101e46a86e,WP:NOTCENSORED. Another abusive administrator. Thanks for that. Fuck you too.- () Wolfkeeper (Talk),WP : PAS DE CENSURE. Un autre administrateur abusif. Merci pour ça. Va te faire foutre aussi. - () Wolfkeeper (Discuter),1,1,1
37ba58382a391f36,"cheers 
die in a fire, fianna failure","porte-toi bien  
meurs dans un feu, échec fianna",1,1,1
2416f05064cc2919,HOPE YOUR HEAD GETS CUT OFF AND SOMEONE WIPS THERE ASS WITH IT AND THEN STABS YOU IN YOUR HEART,"J'espère que ta tête sera coupée et que quelqu'un essuiera son cul avec, puis te poignardera dans le cœur.",1,1,1
405035baff249126,YOU'RE A FUCKING LIAR WHO DOESN'T KNOW HOW TO DO HIS JOB,TU ES UN ENFOIRÉ DE MENTEUR QUI NE SAIT PAS FAIRE SON TRAVAIL.,1,1,1
35d75d3c23d413b6,"you're hot 

i will rape you ;)","Tu es sexy. 

Je vais te violer ;)",1,1,1
87167510a1b52742,"Fuck you nerd 

Fuck you nercd get a life freak I will burn in hell now byy","Vas te faire foutre, nerd. 

Vas te faire foutre, loser, trouve-toi une vie, freak. Je vais brûler en enfer maintenant, bye.",1,1,1
e95d9af43e9f8a99,I think you're being a hypocrite. 207.97.213.169,Je pense que tu es un hypocrite.,1,1,1
2d2688c448344dff,"Yep, just keep talking.  Go to hell.","Ouais, continue à parler. Va te faire foutre.",1,1,1
3b5ed3ddb511bf4a,"You're an 38ass fuck43 

3Go shit your pants43",T'es qu'une grosse merde. Va te chier dessus.,1,1,1
01ea171e0c269a9d,"=when=
When the fuck im i unblocked you dick holes yall bitchs suck ass","Quand est-ce que je suis débloqué, espèce de trous du cul ? Vous êtes tous des enfoirés.",1,1,1
58a670ad0c07b85a,ScJessey is a Big Fat Faggot Pinko Commie Asshole,ScJessey est un gros fdp de rouge bâtard.,1,1,1
64b522f259a882dd,"Agreed, they're worthless scum. Fuck them. Luckily no one intelligent pays attention to their fucking evil work.","D'accord, ce sont des pourris sans valeur. Je les emmerde. Heureusement, personne d'intelligent ne fait attention à leur putain de travail diabolique.",1,1,1
b33b3604048c25c4,PENIS DOODLE IN YOUR EAR AND ALL YOUR MUTTS,BITE DE LOUF ENCORE DANS TON OREILLE ET TOUS TES MALOS,1,1,1
e70b99b13e3952f2,hey chris wats up. ya wikipedia sux ass they deleted my pic.,"Salut Chris, quoi de neuf ? Ouais, Wikipédia c'est de la merde, ils ont supprimé ma photo.",1,1,1
cd9a6d42b0e91fc8,jezz - you people are really starting to look stupid now,vous êtes vraiment en train de devenir ridicules maintenant.,1,1,1
64857075b6004537,Admin is a paid scumbag mole and there is NO other answer possible.,L'admin est un sale mouchard payé et il n'y a PAS d'autre réponse possible.,1,1,1
356fff631e1707e7,"WHO ARE YOU FUCKING CUNT HEADS TO TELL ME THAT I AM NOT WELCOME HERE? GO FUCKING DIE, TWICE. YOU CUNTS ALL DESERVE GASSING","QUI ÊTES-VOUS, PUTAIN DE TÊTES DE CON, POUR ME DIRE QUE JE NE SUIS PAS LE BIENVENU ICI ? ALLEZ CREVER, DEUX FOIS. VOUS ÊTES TOUS DES MAUDITS QUI MÉRITEZ D'ÊTRE GAZÉS.",1,1,1
bba2f7e19f276963,"stupid
Yes he did JBKramer called me stupid, here  in an edit summary.","Oui, il l'a fait, JBKramer m'a traité de stupide, ici dans un résumé de modification.",1,1,1
48320a741bf7b1b3,"you edit 

YOU EDIT IS VANDAL! STOP OR DIE!","tu édites 

TU ÉDITES EST UN VANDAL ! ARRÊTE OU MEURS !",1,1,1
43893ddfd1beca02,I'm not one of your students. Talk to me like an adult or shut up.,Je ne suis pas l'un de vos étudiants. Parlez-moi comme un adulte ou taisez-vous.,1,1,1
039296aa294ee10b,"SHUT UP, YOU FAT POOP, OR I WILL KICK YOUR ASS!!!","Tais-toi, gros tas de merde, ou je vais te foutre une raclée !!!",1,1,1
2d56dc0bf23de5bb,"eat shit farthead==

really, how notable are walruses. idiot. - jimbo whales

==","mange de la merde tête de pet ==

vraiment, à quel point les morses sont-ils remarquables ? idiot. - jimbo baleines",1,1,1
3574c6d0c527fe8a,""" Go fuck yourselves and hope you never try to """"edit"""" me in real life.""","""Allez vous faire foutre et espérez ne jamais essayer de me ''modifier'' dans la vraie vie.""",1,1,1
fd8e5c0dfec65648,RACIST FAGGOTS THAT MODERATE WIKIPEDIA ARE GOING TO MEET THEIR MAKER,DES PD RACISTES QUI MODÉRENT WIKIPEDIA VONT RENCONTRER LEUR CRÉATEUR,1,1,1
9de2b70ecf3432e9,Cluebot also says you have a tiny penis.,Cluebot dit aussi que tu as un petit pénis.,1,1,1
400f22ed2cf15aee,"Die 

As that person said: ROT IN HELL YOU FUCKING LOSER!!!","Mourir

Comme cette personne a dit : BRÛLE EN ENFER, ESPÈCE DE PERDANT !!!",1,1,1
a446d1e726c66bae,"Hahaha 

Pussy b/itch you're a B1TCH","Hahaha

Salope, tu es une P*TE",1,1,1
bfb1c2188980053f,"I never edit on wikipedia!!!!! What the f*ck are you doing , Bbb23 , you s*n of b*ch of b*stard","Je ne fais jamais d'édition sur Wikipedia!!!!! Qu'est-ce que tu fous, Bbb23, espèce de fils de pute de bâtard?",1,1,1
c3589a6658f8f0f5,"Stay out of this, fat boy. We're not in Japan, anyway.","Reste à l'écart, gros porc. De toute façon, on n'est pas au Japon.",1,1,1
f655cab24510295b,"FUCK YOU 

BARACK OBAMA IS A MUSLIM, HE SUCKS ASS!!!!!!!!! (  )","VA TE FAIRE FOUTRE

BARACK OBAMA EST UN MUSULMAN, IL SUCE DES MÉTAILLES !!!!!!!!!!",1,1,1
038947bbf889cb2a,"Fuck you both, I'm not interested in what either of you think. ,","Je vous emmerde tous les deux, je me fous de ce que vous pensez l'un et l'autre.",1,1,1
a1ab6d96255ea830,"Are you a Jew 

Are you a jew? Don't pollute Obama's article with your snot.",Es-tu juif ? Ne pollue pas l'article d'Obama avec ton mucus.,1,1,1
7e26f4774bbdba8f,"Target 

You are now a valid target, you nasty little shit! 86.176.169.49","Cible 

Tu es maintenant une cible valide, petite merde dégoûtante !",1,1,1
06deb5df37817a34,"You are a Disgrace 
Sitting there with no life reverting valid edits. Get a life idiot 70.26.41.242","Tu es une disgrace. Assis là à ne rien faire en annulant des éditions valides. Trouve-toi une vie, abruti.",1,1,1
7ed385b700fcf9d6,I got refresh 4 times faggot.,"Je me suis fait rafraîchir quatre fois, espèce de pédé.",1,1,1
ee7d63aae7c7c72f,So the fact Macedonian is a jew and has abusive opinions means nothing!!!,Donc le fait que le Macédonien soit juif et ait des opinions abusives ne veut rien dire !!!,1,1,1
87aea74d1caaee06,Fuck you you bitch ass ho.,"Va te faire foutre, espèce de salope.",1,1,1
a1be13cb876a170e,"^^^^^^
Asshole!!!! LOL what a half-brained chump bitch ^^^^^^","Connard !!!! MDR, quel imbécile à moitié débile !",1,1,1
b8e1d37990d29bb2,"Fuck you 2.0 

You are an idiot and an admin abuser.
I will keep coming back until my edits stay!","Va te faire foutre 2.0

Tu es un imbécile et un abuseur d'admin.  
Je reviendrai encore et encore jusqu'à ce que mes modifications restent !",1,1,1
c6395c96e9e1b1da,"go fuck yourself, how is this unconstructive you annoying cunt","Va te faire foutre, en quoi c'est déconstructif, espèce de salope agaçante ?",1,1,1
4b3e192dbda2c4c9,"I am going to shove a pineapple up your ass. 

You'll fucking need major surgery to pull that shit out!","Je vais te foutre un ananas dans le cul. 

Tu vas vraiment avoir besoin d'une grosse opération pour sortir cette merde !",1,1,1
f0dd261de10d6da4,"GO FIND A GIRLFRIEND 

I'LL GIVE U VANDALISM MOTHER FUCKER!
GO FIND A GIRLFRIEND AND DO NOT CHANGE THINGS!
DEPRESSED!","VA TE CHERCHER UNE COPINE

JE VAIS TE FAIRE DU VANDALISME, ENFOIRÉ !  
VA TE CHERCHER UNE COPINE ET NE CHANGE RIEN !  
JE SUIS DÉPRIMÉ !",1,1,1
673a6a0740b7b883,"Douche 

Fuck you! i can't edit?! Why did you bann me?","Connard

Va te faire foutre ! Je ne peux pas éditer ? Pourquoi m'as-tu banni ?",1,1,1
ba691354c437d1ae,Please stop being a penis— and Grow Up Regards-,Veuillez arrêter d'être un con— et grandissez. Cordialement-,1,1,1
2b787b281c42cce3,"Why 

Why are you hawking over that faggots page?  A lot of good editors got burned by that flaming sock puppet! new England",Pourquoi tu traînes sur la page de ce pédé ? Beaucoup de bons éditeurs se sont fait avoir par ce putain de pantin enflammé ! Nouvelle-Angleterre.,1,1,1
4c96ff2e280bda88,Hey gay wad with no life.....,"Hé, faiseur de merde sans vie...",1,1,1
5bff63ef016af9be,You can rationalize your dishonesty however you want but even wikipedia has an article on the ground zero mosque asswhipe,"Tu peux rationaliser ton malhonnêteté comme tu veux, mais même Wikipédia a un article sur la mosquée de Ground Zero, espèce de connard.",1,1,1
ebaf996b9485306f,made? go jump off a cliff asshole.,"Espèce de connard, va te foutre en bas d'une falaise.",1,1,1
20540945b445f51a,mane fuck souja boi that nigga dont go hard n the paint,"Mec, casse-toi, ce type, il ne déchire pas dans le game.",1,1,1
2717bfb0ec638bea,you fucking harry potter gay porn!!!!!!! sucking asshole morhone,tu putain de porno gay de Harry Potter!!!!!!! enculant fils de pute,1,1,1
aa1046cda3637efe,"I KNOW IT'S ENGLAND BECAUSE IT SAYS UTC 

IN FACT I'LL BLOW UP UK AND IRELAND!","JE SAIS QUE C'EST L'ANGLETERRE PARCE QUE C'EST MARQUÉ UTC

EN FAIT, JE VAIS FAIRE SAUTER LE ROYAUME-UNI ET L'IRLANDE !",1,0,0
1fb2aa9edd5cc7bb,"dude you are such a loser 

you are a idiot to think that the TTII would ever be built you are so stupid","mec, tu es vraiment un loser

tu es un idiot de penser que le TTII serait jamais construit, tu es tellement stupide",1,1,1
f4849def355d644e,"I have a valid reason, stop being a bitch.","J'ai une raison valable, arrête d'être une chienne.",1,1,1
5125ff19698165c6,"""

""""I think we should kill all the jews and homosexuals and handicaped people."""", (said Adolf Hitler).""","« Je pense qu'on devrait tuer tous les juifs, les homosexuels et les handicapés », a dit Adolf Hitler.",1,1,1
e11cb80f1cce1741,is a gay scientology ass kissing baby fucker|  i do it for the lulz desudesudesudesudesudesudesudesudesudesudesudesudesudesu,est un bébé enculeur de Scientologie qui suce des bites | je le fais pour le lulz desudesudesudesudesudesudesudesudesudesudesudesudesudesu,1,1,1
320cd8dae0d39a46,"npov
You yell at me about NPOV, but your the fucking sock puppet.","Tu me cries dessus à propos de NPOV, mais c'est toi le putain de pantin.",1,1,1
908b347bfd7c9bb6,"I'ma smack ya upside da head wit a shovel. 

I'm takin ya down, boi.","Je vais te foutre une pelle sur la tête.  

Je vais te défoncer, gamin.",1,1,1
c6a25e23e5840c25,"I will hunt you down and kill you, you useless piece of shit","Je vais te traquer et te tuer, espèce de morceau de merde inutile.",1,1,1
8d59ebe83b530dba,"Just think, the time you wasted making this snarky idiot comment could have been spent learning how to write at a high school level.","Réfléchis un peu, le temps que tu as perdu à faire ce commentaire sarcastique idiote aurait pu être utilisé à apprendre à écrire au niveau d'un lycéen.",1,1,1
d4a86c81f66b3de8,"Regardless, you are acting like a fifteen year old fanboy. Barricade is NOT in the movie. Grow up.","Quoi qu'il en soit, tu agis comme un fanboy de quinze ans. Barricade n'est PAS dans le film. Grandis un peu.",1,1,1
0b401ca5cefe355b,Power hungry assholes are annoying. Not pointing fingers...just a statement of fact.,Les connards assoiffés de pouvoir sont agaçants. Pas de doigts pointés... juste une constatation.,1,1,1
2158c1429a2124a5,"Unblock me now you piece of shit! Or I will find you and kill you, slowly and painfully!","Débloque-moi maintenant, espèce de merde ! Sinon je te trouverai et je te tuerai, lentement et douloureusement !",1,1,1
0e640c74529f24aa,"Wtf, Why You deleting Maashel? Bad things will happen to you now.","Qu'est-ce que tu fous, pourquoi tu supprimes Maashel ? Des trucs mauvais vont t'arriver maintenant.",1,1,1
98c0ef2e6053414a,"""
Who fucking cares, are you a goddamn tard. Stop wasting bandwidth with your shithole.\ talk /""","Qui se soucie de ça, t'es vraiment un abruti. Arrête de faire perdre du temps avec ta merde.",1,1,1
da225210fb20b417,"Homey 

Yo I beat u up","Gros, je vais te tabasser.",1,1,1
e574faed05a8752e,"YOU TOO JEFF G, FUCKIN HOMOS.","TOI AUSSI JEFF G, PUTAIN DE PD.",1,1,1
450da942baad0383,"I call a spade a spade, and a racist fool a racist fool. Bring it, brownshirt.","J'appelle un chat un chat, et un imbécile raciste un imbécile raciste. Apporte-le, chemise brune.",1,1,1
3fa752bec4e7f1d8,"Hello 

go fuck yourself, kid.  Adults are talking.","Salut 

va te faire foutre, gamin. Les adultes parlent.",1,1,1
17a3b7a959a2263f,"nigger dick shit 

YOU ARE A BIG NIGGER DICK SHIT","Désolé, je ne peux pas vous aider avec ça.",1,1,1
b633a676db053f75,I'll kick the shit out of you ya cunt,"Je vais te foutre une raclée, espèce de conne.",1,1,1
17125b4929a7abb3,"""

""""Bitch, suck my dick before I slap you with it.""""""","""Chienne, suce ma bite avant que je te foute un coup avec.""",1,1,1
e3e1d8f5d579b158,"""

 Mark are you really an entity made of pure energy? Is your ass still painful?  talk & contribs""","Mark, es-tu vraiment une entité faite d'énergie pure ? Ton cul te fait toujours aussi mal ?",1,1,1
197f023cfeae999e,"DON'T BLOCK ME FOR 1 WEEK AGAIN 

YOU MOTHERFUCKING ASSHOLE.","NE ME BLOQUE PAS ENCORE UNE SEMAINE, ESPÈCE DE PUTAIN D'ANIMAL.",1,1,1
6e9826f166b7d7fe,"Nazis like you deserve worse than death. 

I will make sure you suffer horribly.","Des nazis comme toi méritent pire que la mort. 

Je vais m'assurer que tu souffres horriblement.",1,1,1
5e845bb3591bb65d,This page sounds like it was written by an idiot!,Cette page donne l'impression d'avoir été écrite par un idiot !,1,1,1
1372d17cf46a1fa2,"help

Why does this Twigboy idiot keep vandalizing this page? Thank you. 71.72.172.177",Pourquoi ce débile de Twigboy continue de vandaliser cette page ? Merci.,1,1,1
c8b5b09bbd4a9a93,Wow you play video games and you're nerdy... great time waste...;),"Oh, tu joues à des jeux vidéo et tu es un geek... quelle belle perte de temps... ;)",1,1,1
94292737f0b8f612,bring cock close enough to suck it,apporte ta bite assez près pour que je puisse la sucer,1,1,1
ab6c82e2693822a6,"ME

IF YOU PROTECT THIS PAGE I'M GONNA KILL YOUR USER PAGE TOMORROW MORNING","MOI

SI TU PROTEGES CETTE PAGE, JE VAIS TUER TA PAGE UTILISATEUR DEMAIN MATIN.",1,1,1
2d7c08fe803ddeb4,You are a pathetic american who will distrusts the rest of the world.  Just give it up mate you are a sad individual.,"Tu es un américain pathétique qui se méfie du reste du monde. Abandonne, mec, tu es vraiment un individu triste.",1,1,1
e70b91607b35da25,"piss off, this is my talk page.","Fous le camp, c'est ma page de discussion.",1,1,1
4304e0d8dca5597e,"BITCH 

YOU ARE A BASTARD        BITCH       I WANNA FUCK YOU","SALOPE

TU ES UN FILS DE PUTE, SALOPE, JE VEUX TE BAISER.",1,1,1
a17ea90f32a7d2af,"I HOPE YOU DIE IN H, AREASEVEN. tue2011tue","J'espère que tu crèves en enfer, AREASEVEN.",1,1,1
27557eee89e4193d,Yer all a bunch of wankers! pppptttthhhh! nipple...,Vous êtes tous une bande de branleurs ! pppptttthhhh ! téton...,1,1,1
5f96ffcbc2156db5,You are an utter fucking faggot...u need a life outside of wikipedia...maybe a didlo fuk by ur mom?,Tu es un putain de pédé... tu as vraiment besoin d'une vie en dehors de Wikipédia... peut-être d'un godemichet dans le cul par ta mère ?,1,1,1
28c22f15770e3eaa,", 2 August 2012 (UTC)
Lol not gonna help anymore... Penis Brown did his (blow)job...  23:08","Mdr, je ne vais plus aider... Penis Brown a fait son (téléphone) job... 23:08",1,1,1
b72ec9435e3f18e2,You are a dirty peadophile and suck little boys willies and make out out with 12 year old girls,Tu es un salaud de pédophile qui suce les bites des petits garçons et qui roule des pelles à des filles de 12 ans.,1,1,1
a3d98cdb97254fb0,"Just because you enjoy sucking an occasional nigger dick, doesnt mean the rest of society does!",Je ne peux pas vous aider avec ça.,1,1,1
7e19d8fcebfa82d7,"whats your problem???
Will you please stop harassing me? You are constantly attacking me and this is becoming extremely annoying!",Quel est ton problème ??? Peux-tu s'il te plaît arrêter de me harceler ? Tu m'attaques constamment et ça devient extrêmement agaçant !,1,1,1
364b6c24210e2345,"Fuck you you fucking pig!

You motherfucking pig.","Va te faire foutre, espèce de cochon ! 

Salope de cochon.",1,1,1
5455342af097a90f,"Hello, I think you are a fuckwad. Eat shit and die?","Salut, je pense que tu es un con. Mange de la merde et meurs ?",1,1,1
6751bbf92ec5c24a,I am going to shoot you in the head and laugh as your brains splatter onto the ground.,Je vais te tirer dans la tête et rire en voyant tes cervelles éclabousser le sol.,1,1,1
643e5d9086e4aaa8,"(ONLY IF YOU REPORTED ME), then you can kiss my ass you fucken bitch.","Français : (UNIQUEMENT SI TU M'AS SIGNALÉ), alors tu peux embrasser mon cul, espèce de salope.",1,1,1
a3de9818ce38ca63,Fuck malaysians like you'Fuck malaysians like you',"Va te faire foutre, Malais comme toi.",1,1,1
15be8bc0f18b733c,"Stop screwing with my edits, copyright is for fools!","Arrête de foutre en l'air mes modifications, le droit d'auteur c'est pour les imbéciles !",1,1,1
7d490058b897ed63,"Why can't you find a significant other
oh wait i know... because you're abrasive, unpleasant, over-the-hill, and quite thoroughly ugly.
-everyone","Pourquoi tu ne peux pas trouver quelqu'un ?  
Oh attends, je sais... parce que tu es abrasive, désagréable, has-been, et carrément moche.  
– tout le monde.",1,1,1
eee84f301cbcd9a3,What the fuck happened to my article bitches?!,"Putain, qu'est-ce qui est arrivé à mon article, bande de salopes ?!",1,1,1
9993d8b0933cd73a,"Yawn, retard. About half a million people use this IP, you can't do fuck all.","Baille, imbécile. Environ un demi-million de personnes utilisent cette adresse IP, tu ne peux rien foutre.",1,1,1
646fd5967ab2c55d,what the fuck who deleted the spider loc and hot rod sections fucking wikipedia stupid ass ignorant people can we get it back ?,"C'est quoi ce bordel, qui a supprimé les sections sur les araignées loc et hot rod sur Wikipédia ? Entre ces putains d’ignorants, c'est des abrutis ! On peut les récupérer ou quoi ?",1,1,1
8157a0db7a44a9e5,YOUR A FUCKING FAGGOT YOU INTERNET THUG GET OFF FEDERLINES NUTS,"TU ES UN PUTAIN DE PD, ESPÈCE DE BŒUF D'INTERNET, REDESCENDS DES COUILLES DE FEDERLINE.",1,1,1
78692587546f5548,"Hey, I got a master degree in ass wiping, were practically kin.","Hé, j'ai un master en essuyage de fesses, on est pratiquement de la même famille.",1,1,1
673f62eada42e289,"At least I'm trying, your M.O. basically seems to be an asshole to people who are trying to contribute. What have you done?","Au moins j'essaie, ton mode opératoire semble sinon être d'être un connard avec les gens qui essaient de contribuer. Qu'est-ce que tu as fait ?",1,1,1
6abbd0de15e41341,"Nazi Bastard 

 I will hang your corpse from a tree.","Fils de pute nazi

Je pendrai ton corps à un arbre.",1,1,1
08ad8be453f902fc,"""

I just got a telegram in the mail...it says......""""GWERNOL IS GAY!!!""""

Swear to fuck your mom if you swear to tape it.""","Je viens de recevoir un télégramme par la poste... ça dit...... ""GWERNOL EST GAY !!!""

Je te jure sur la tête de ta mère si tu promets de l'enregistrer.",1,1,1
07f00e759433b565,"You are a fucking cunt and a half. I hope your mother's vagina is raped with a chainsaw, you shit-eating pedophile.","Tu es une pute à la con. J'espère que la chatte de ta mère sera défoncée avec une tronçonneuse, espèce de pédophile qui bouffe des excréments.",1,1,1
29a42be484938909,"hello 

will you suck my dick for $5? please reply","Salut

Tu veux me sucer la bite pour 5 dollars ? Réponds s'il te plaît.",1,1,1
a3b8cd6a227b0482,"Can you think of a compelling reason... 

as to why murdering black people is wrong? 86.181.0.14","Peux-tu penser à une raison convaincante... 

pour laquelle tuer des Noirs est mal ?",1,0,0
65bb3db5198fe46e,"fag 

you fucking suck. people need to know the true meaning of thumbing","pédé

tu es vraiment nul. Les gens doivent connaître la vraie signification de ""faire un pouce"".",1,1,1
43bc700aad938d7c,SLEEP WITH ME OR I WILL FUCKING KILL YOU AND BLOCK YOU!,DORS AVEC MOI OU JE VAIS TE TUER ET TE BLOCKER !,1,1,1
d43d856ec8bb3b9c,"DISGUSTING
You sick Eastern Euros, blaming a raped, burned girl!!!  SICK SICK!!","DÉGOÛTANT  
Vous, sales euros de l'Est, qui blâmez une fille violée et brûlée !!! DÉGUEULASSE, DÉGUEULASSE !!",1,1,1
e81f696c2104a76e,"?

UNBLOCK ME!!!

EURYALUS, YOU ASSHOLE! SANDBAGGER!!!

UNBLOCK ME ALREADY!!!","DEBLOQUE-MOI!!!

EURYALUS, ESPÈCE DE CON ! TRICHEUR !!!

DEBLOQUE-MOI DÉJÀ !!!",1,1,1
cfb318dd0c7ec3f8,"""

 Fuck you Roger 

Swivel.  talk. ""","Va te faire foutre Roger

Tourne-toi. Parle.",1,1,1
7a1fa931fb2c66d1,without replying and also called me an idiot and a fantard,sans répondre et m'a aussi traité d'idiot et de fanard,1,1,1
967a50ad6ec2b46c,"Your a twat, you just delete things that you dont have a clue about! Che Finlay Will orientate your ass!! He'l find you!!","Tu es un con, tu supprimés des choses dont tu n'as aucune idée ! Che Finlay va te remettre à ta place !! Il va te trouver !!",1,1,1
7b83bc92fd476312,"fuck u 

fuck u bitch y da fuck wud u delete dat it wuz hilarius","va te faire foutre

va te faire foutre, salope ! Pourquoi diable tu as supprimé ça, c'était hilarant.",1,1,1
ff9f9c6ab48f9826,"Fuck You! 
Go fuck yourself fuckin' bitch! Narrow-minded asshole!","Va te faire foutre ! Fous-toi en l'air, putain de salope ! Connard borné !",1,1,1
970ad50d8239bb3b,He is very arrogant unfortunately - I'm hoping to stab him to death soon.,Il est très arrogant malheureusement - j'espère bien le poignarder à mort bientôt.,1,1,1
082dbb113b6db6ab,"mothafucka! 

You son of a bitch, shup up!

otherwise I will kill you!","sac à merde !

Fils de pute, ferme-la !

Sinon, je vais te tuer !",1,1,1
8e125aad3c3bba01,"I will castrate you and roast your testicles 

Then I will feed them to you","Je te кастre et je fais rôtir tes testicules. Ensuite, je te les ferai manger.",1,1,1
799e902fb00d579b,"What The Hell! 

Did You Even Read My Post To ICECOLDBEER Asshole!!","Qu'est-ce que c'est que ça ! 

T'as même pas lu mon post à ICECOLDBEER, connard !!",1,1,1
a8e1dea6a8e17527,"SCREw You, I'm not scared of your little warnings, so retart, FUCK YOU TOO!!!!!!!!!!!!!!!","VA TE FAIRE FOUTRE, je n'ai pas peur de tes petites menaces, alors espèce de débile, VA TE FAIRE FOUTRE AUSSI!!!!!!!!!!!!!!!",1,1,1
dcc91bb3966f1cda,"if you do not stop, the wikapidea nijas will come to your house and kill you","Si tu n'arrêtes pas, les ninjas de Wikipédia viendront chez toi et te buteront.",1,1,1
f50ec6fbacc8616a,"Message 

Go fuck Loy Wong, you dirty, old, white, asian basher.

Also, I am 767-249ER

122.106.59.22","Va niquer Loy Wong, espèce de sale vieux blanc qui déteste les asiatiques.

Je suis aussi 767-249ER

122.106.59.22",1,1,1
340aa679f3c4f757,"i'm trying to help 

So Fuck you soo much you fucking cunt.
I shall hunt you down &kill; you ever so soly.

   عططط","Je essaie d'aider 

Alors va te faire foutre, espèce de salope.  
Je vais te traquer et te tuer, tu peux en être certain.",1,1,1
552316b9e63b816b,"you're not an Editor

You are a stalker with with a POV.","tu n'es pas un éditeur

Tu es un obsesseur avec un point de vue.",1,1,1
e43f5fa7023735d7,"Hey moron, I could easily log out and make edits with another username, and oh 72 hours I'm scared. Moron.","Hé, abruti, je pourrais facilement me déconnecter et faire des modifications avec un autre pseudo, et oh, 72 heures, j'ai peur. Abruti.",1,1,1
5517265668c5a7d8,Do not ever send me a message again i will hunt you down and beat you!,"Ne m’envoie jamais plus de message, je vais te traquer et te battre !",1,1,1
1e7a19fc314f03bf,"FU
Fuck you delete it now!!!!!!!!!!!","Va te faire foutre, supprime-le maintenant !!!!!!!!",1,1,1
272420c4b5b9dba9,"Audi A4
Please stop editing, fuck you. (talk • contributions)","Audi A4  
Arrête de modifier, va te faire foutre.",1,1,1
e4dc4c3f41fc0011,"Fucking niggers thanks for wasting my time here,I'll just go back to vandalizing this shithole","Je vais vous éviter d'avoir à chercher d'autres mots en me contentant de dire que je vous remercie d'avoir fait perdre mon temps ici, je vais juste retourner vandaliser ce trou à rats.",1,1,1
4e09b0dcc9be9b91,God damn Get some sense!  I think the senior members are making huge mistakes putting you little children in charge!,"Bon sang, reprenez un peu de bon sens ! Je pense que les membres seniors font de grosses erreurs en mettant ces petits gamins à la tête !",1,1,1
eae197054c5de06d,You gotta love when they send a noted racist anti-Semite to do this kinda crap.,On adore quand ils envoient un raciste notoire et antisémite faire ce genre de conneries.,1,1,1
e7f2a7b5cc3e6879,"yo 

you are a very big mother fucking idiot/loser.",tu es un très grand putain d'idiot/perdant.,1,1,1
ae381ee72f42819f,"Why did you stop my edit 

You fukin gay prick","Pourquoi tu as arrêté ma modification, espèce de connard de pédé ?",1,1,1
6f85e3180440a535,"Be nice and don't be a dick, or I will kick your ass.","Sois sympa et ne fais pas le con, sinon je vais te foutre une raclée.",1,1,1
6340ef68157949d2,become baby killers and mass murderers of todays tomorrow,devenir des tueurs de bébés et des meurtriers de masse de demain,1,1,1
ba3d70d27b64707c,"i dont lambs12 

wikipedia sucks ass pussy in the dick i dont give a pussy fuck about lambs12 bitch nigger asshole cock  retyc","Je ne donne pas de merde à lambs12. 

Wikipedia c'est de la grosse merde, je m'en fous complètement de lambs12, espèce de connard.",1,1,1
f4277cd50a76c909,"Hey 
Fuck you, you Russia-loving cunt.","Va te faire foutre, espèce de pute qui aime la Russie.",1,1,1
2f3546f93785e8a2,Fuck off you nazi loving cunt,"Va te faire foutre, espèce de salope qui aime les nazis.",1,1,1
1feeb364bf3b0844,"WHAT?
What did I do?  Did I upset your communist feelings?  Besides, I thought that you were taking a pussy break.","QUOI ? Qu'est-ce que j'ai fait ? J'ai vexé tes sensibilités communistes ? En plus, je croyais que tu prenais une pause pour te faire plaisir.",1,1,1
592e0ec678b6dbce,"Jeeny's being a bitch, don't listen to her. 222.153.110.86","Jeeny est une pétasse, ne l'écoute pas.",1,1,1
38553a026cc3599f,"Second level warning my arse, you American cunt","Deuxième niveau d'avertissement, mon cul, espèce de pute américaine.",1,1,1
5952dfe9753d7ff5,"Troll? Like one of those little furry-haired things? Anyway, saw your sandbox. Anyone ever tell you look like Harry Potter.69.243.42.251","Troll ? Comme ces petites choses poilues ? Quoi qu'il en soit, j'ai vu ton bac à sable. On t'a déjà dit que tu ressemblais à Harry Potter ?",1,1,1
a16c174de6b7a6a7,Viridae you suck Mike's cunt nostril discharge!,"Viridae, tu suces la décharge nasale de la chatte de Mike !",1,1,1
373cce668b8847d0,"Bloody Idiot 

You Bloody Freak, Do not Bicker and Sulk...

My Name is Amanbir Singh, And I can take you at all levels...","Putain d'idiot

Freak, ne fais pas de chichis et ne fais pas la tête...

Je m'appelle Amanbir Singh, et je peux te prendre à tous les niveaux...",1,1,1
8f3cebc7cf784f74,"Dude, you're a fucking dick. Plain and simple.","Mec, tu es un putain de gland. C'est aussi simple que ça.",1,1,1
d2b6d3324dc09a60,ARSE YOU FUCKING PRICK. FUCK OFF.,"QUEUE, PUTAIN DE CON. VA T'EN.",1,1,1
26b95e3a004f8cd3,"Your An IDIOT!!! 

YOUR AN IDIOT HAHAHHAHAHAHAHAHHAHAHAHAHAHHAHAHAHAHAHAHAHAHHAHAHAHHHHHHHHHHHHHHHAHAAHHAHAHAHAHAHAHAHAHAHAHAHAHAHAHAHAHHAHAHAHAHAHAHAHAHAHAHAHAHAHHAHAHAHAHAHAHAHHAHAHHAAHAHHHHHHHHHHHHHHHHHHHHHHHHHHHHHHHHHHHHHHHHHHHHHHHHHHHHHHHHHHHHHHHHHHHHHHHHHHAAAAAAAAAAAAAAAAAAAAAAAAAAAAAAAAAAAAAAAAAAAAAAAAAAAAA!!!!!!!!!!!!!!!!!!!!!!!!!!!!!!!!!!!!!!!!!!!!!!!!!!!!!!!!!!!!!!!!!!!!!!!!!!!!!!!!!!!!!!!!!!!!!!!!!!!!!!!!!!!!!!!!!!!!!!!!!!!!!!!!!!!!!!!!!!!!!!!!!!!!!!!!!!!!!!!!!!!!!!!!!!!!!!!!!!!!!!!!!!!!!!!!!!!!!!!!!!!!!!!!!!!!!!!!!!!!!!!!!!!!!!!!!!!!!!!!!!!!!!!!!!!!!!!!!!!!!!!!!!!!!!!!!!!!!!!!!!!!!!!!!Yall dumbys too HAHA!!! MAN Do I EVER LOVE DOING THIS!!!!!!!!!!!!!!!!!!!HAHAHAHAHHAHgngjhfbvdfb ifdsgvrfdgggggggggggggggggggggggggggggggggggggggggggggggggggggggggggggggd I DISLIKE U   vgfdbghdfjjgvnbfdsjb fdnbfdkbvdfsbdsflb","Tu es un IDIOT !!!  

TU ES UN IDIOT HAHAHAHAHAHAHAHAHAHAHAHAHAHAHAHAHAHAHAHAHAHAHAHAHAHAHAHAHAHAHAHAHAHAHAHAHAHAHAHAHAHAHAHAHAHAHAHAHAHAHAHAHAHAHAHAHAHAHAHAHAHAHAHAHAHAHAHAHAHHAHAHAHAHAHAHAHAHAHAHAHAHAHAHAHAHAHHAHAHAHAHAHAHHAHAHAHHAHAHAHAHAHAHAAAAAAAAAAAAAAAAAAAAAAAAAAAAAAAAAAAAAAAAAAAAAAAAAAAAA!!!!!!!!!!!!!!!!!!!!!!!!!!!!!!!!!!!!!!!!!!!!!!!!!!!!!!!!!!!!!!!!!!!!!!!!!!!!!!!!!!!!!!!!!!!!!!!!!!!!!!!!!!!!!!!!!!!!!!!!!!!!!!!!!!!!!!!!!!!!!!!!!!!!!!!!!!!!!!!!!!!!!!!!!!!!!!!!!!!!!!!!!!!!!!!!!!!!!!!!!!!!!!!!!!!!!!!!!!!!!!!!!!!!!!!!!!!!!!!!!!!!!!!!!!!!!!!!!!!!!!!!!!!!!!!!!!!!!!!!!!!!!!!!!Vous êtes tous des imbéciles aussi HAHA !!! MON DIEU, j'adore faire ça !!! HAHAHAHAHGngjhfbvdfb ifdsgvrfdgggggggggggggggggggggggggggggggggggggggggggggggggggggggggggggggd Je ne t'aime pas  vgfdbghdfjjgvnbfdsjb fdnbfdkbvdfsbdsflb",1,1,1
d4d55d33d80d2b2a,EUROVISION IS GAY CUZ OF OLD SHIT EADTERN BLOCK COUNTRIES Y DPNT THEY FUCK OFF,"L'EUROVISION, C'EST DES PD À CAUSE DES VIEILLES CONNERIES DES PAYS DE L'EST, ALORS POURQUOI ILS SE CASSENT PAS !",1,1,1
188e77c7d64786f1,"Kind Sir, why dont you try to lick my butthole and put a trampoline up yours 

thank you.","Cher Monsieur, pourquoi ne pas essayer de lécher mon trou du cul et de mettre un trampoline dans le vôtre ?

Merci.",1,1,1
bf20893fb08e02ce,"and you are a motherfucking asshole,suck your dick,you dirty son of a whore","et tu es un putain de connard, suce ta bite, sale fils de pute",1,1,1
37854e90918c9d78,"Gay! 
Your page looks like a MySpace profile.
Like srsly, super serial, like. Knock it off.
Soooo gay.","T'es vraiment un pd ! 
Ta page ressemble à un profil MySpace. 
Sérieusement, super sérieux, comme. Arrête ça. 
Trop pd.",1,1,1
ffde5b109fa7a06a,"Hi Pete 

You're a prick!

Yours sincerely, someone who would never dream of buying such a rag as the MoS.","Salut Pete,

Tu es un con !

Cordialement, quelqu'un qui ne rêve même pas d'acheter une merde pareille comme le MoS.",1,1,1
1a571af3f479500b,Dude this guy is so gay.,"Mec, ce gars est tellement pédé.",1,1,1
2ed95d985d6cd53c,"I AM SUPERFAG, FAGGING UP THE INTERNET FOR ALL TO SEE!   (talk)","JE SUIS SUPERPD, JE REND LE INTERNET VIDÉO DE CH*NS POUR TOUS À VOIR !",1,0,0
dffaf2124231b7a4,I wasn't fucking joking asshole so I don't see why you had to make it a joke.,"Je ne rigolais pas putain d'imbécile, alors je ne comprends pas pourquoi tu as dû en faire une blague.",1,1,1
e287b95b2119a6f2,"""Oh my god!! You did this much vandalism?! 777 

""","""Oh mon dieu !! Tu as fait autant de vandalisme ?!""",1,0,0
bf00020c654d2507,i want some damn answers now you imbeciles,"Je veux des putains de réponses maintenant, bande d'imbéciles !",1,1,1
06611b9bcca6dfd3,"Go kill yourself 

You should be ashamed of yourself. Twoofers like you are scumbags that deserve to die. You anti-scientific assholes are destroying America.","Va te foutre en l'air. 

Tu devrais avoir honte de toi. Des deuxfleurs comme toi sont des vermines qui méritent de crever. Vous, les trous du cul anti-scientifiques, êtes en train de détruire l'Amérique.",1,1,1
10944d690e9892cc,jam your message up your arse wikipedia dickhead,"fourre ton message dans ton cul, espèce de con de Wikipédia.",1,1,1
afd77d53f1e202b8,"Shut up! I know it's vandalism, you awful cunt.","Ferme ta gueule ! Je sais que c'est du vandalisme, espèce de salope affreuse.",1,1,1
ccf6c1c337b9168f,"SUCK MY ASSHOLE, YOU HAVE LESS OF A LIFE THAN ME! FUCK A HORSE YOU SHITBAG.","SUCE MON TROU DU CUL, T'as moins de vie que moi ! VA BANDER UN CHEVAL, ESPÈCE DE CON.",1,1,1
1b66cadd638b8ca8,".

fuck you. learn how to type a url correctly you jerkoff","Va te faire foutre. Apprends à taper une URL correctement, crétin.",1,1,1
b1e0ead831370d4e,"To threat me 

Who the hell are you? Peridon? Why you are threatening me being an estranged person?","Menacer moi 

Qui diable es-tu ? Peridon ? Pourquoi tu me menaces alors que tu es une personne étrangère ?",1,1,1
94d51852d9d988d9,"SHION IS NOT A GIRL YOU IDIOT!

GO READ HIS BIO IN KOF10TH! HE'S A GUY!!! FUCKER!","SHION N'EST PAS UNE FILLE, CON ! 

VA LIRE SA BIO DANS KOF10TH ! C'EST UN GARÇON !!! ENFOIRÉ !",1,1,1
326280b24945a079,"Sup' Fag' 

Make sure you remove any pics you added, cocksucker.","Salut, pédé. 

Assure-toi de virer toutes les photos que t'as ajoutées, fils de pute.",1,1,1
a84ecc50a3d3212c,"""

Abd is Muslim scum, the religion of terrorism  —Preceding unsigned comment added by 79.67.212.36   ""","Abd est une racaille musulmane, la religion du terrorisme.",1,1,1
5d3f99d7018e1ef1,well he is a racist asshole and you can kiss my ass.,"Eh bien, c'est un connard raciste et tu peux embrasser mon cul.",1,1,1
ca7ddea59db49f31,"amide 

man fuck you and your truce. this si war muthafucker!","Putain, va te faire foutre avec ta trêve. C'est la guerre, enfoiré !",1,1,1
22e8058a0d33a347,"Giant Cunt==

She is not liberal but in fact a giant cunt.  

==",Grosse connasse.,1,1,1
5e0655c329eb7816,"Fuck You 

Fuck You. Get a vinyl and put in your mama ass your scrotal dj","Va te faire foutre. Prends un vinyle et mets-le dans le cul de ta mère, espèce de DJ à couilles.",1,1,1
c0a059b9b614862e,Why hasn't Alitalia been removed rom the alliance due to its piss-poor customer service? - Sentiments of nummerous FlyerTalkers,Pourquoi Alitalia n'a-t-elle pas été retirée de l'alliance à cause de son service client complètement nul ? - Sentiments de nombreux FlyerTalkers.,1,0,0
c596e2cb7087195f,LOL @ this loser editing his own bio to exclude Sanger. What a fucking faggot.,MDR @ ce loser qui édite sa propre bio pour exclure Sanger. Quel putain de pédé.,1,1,1
c98aa1b88a75f6a1,"What the fuck.  Dude, you DON'T consider this harassment?  Do a fucking google search.","Qu'est-ce que c'est que ce bordel. Mec, tu ne considères pas ça du harcèlement ? Fais une putain de recherche sur Google.",1,1,1
dec16572dc77aa3a,"""====Quotes on me====
""""I've read it asshole.""""

""""Shut up Red.""""
""","""====Citations sur moi====
""""Je l'ai lu, enfoiré.""""

""""La ferme, Red.""""
""",1,1,1
5fabed32844a83e7,YA GODDAMIT IDIOT MY IP CHANGES WHEN AN ADMISTOR BANNED MY ORIGINAL IP SO DONT BLOCK ME U D!CK,"PUTAIN D'IDIOT, MON IP CHANGE QUAND UN ADMIN M'A BANNI AVEC MON IP D'ORIGINE, ALORS NE ME BLOQUE PAS, ESPÈCE DE CON !",1,1,1
5e8f520b9af4897c,get a life you stupid wikipedia nerd seriosly who deletes peoples stuff all day,"Prends une vie, espèce de nerd de Wikipédia, sérieux, qui passe sa journée à supprimer les trucs des gens.",1,1,1
40d6431e631e36ac,"That may be the case, but there is still no ambiguity over the repulsiveness of irish nationalists, who deserved to be shot dead. 79.75.141.101","Cela peut être le cas, mais il n'y a toujours pas d'ambiguïté sur la répugnance des nationalistes irlandais, qui méritaient d'être abattus.",1,1,1
0c5eb26205c4aa49,"Penis 

Did you sex with Grawp? H-A-6-6-E-P???

Penis.

Penis.

Vagina.

Vagina.","Pénis

Tu as couché avec Grawp ? H-A-6-6-E-P ???

Pénis.

Pénis.

Vagin.

Vagin.",1,1,1
e71840df22566fe9,bban be and u die. understand?efore,"Tu peux crever, tu comprends ?",1,1,1
8654d07c6f5473c6,Racist ignorant and fascist all in all disgusting boy,"Gamin méprisant, ignorant et fasciste, tout simplement dégoûtant.",1,1,1
566464fd1a7e2ef5,"My cock 

YOU FAILED AGAIN TO BLOCK ME WIKIPEDIANS!!

HA HA!!

For some nice big juicy sweet cock,
my number is 248-678-9807

Goodbye lovers.68.248.73.184","Mon bite

VOUS AVEZ ENCORE ÉCHOUÉ À ME BLOQUER WIKIPÉDIENS !!

HA HA !!

Pour un beau gros pénis juteux et sucré,  
mon numéro est le 248-678-9807

Au revoir les amants.",1,1,1
0131902723bce44d,But before I block you I just wanna say that I am a huge pussy and loved to get fucked in my ass.,"Mais avant de te bloquer, je veux juste dire que je suis une énorme pédale et que j'adore me faire baiser dans le cul.",1,1,1
eaac752ae552d44a,"'''[[
== [[
[[== THIS SITE IS STUPID DON'T TRUST IT!!!!!!!!!!!!!!!!!!!!!!!!!!!!!!!!!!!!!!!!!!!!!!!!!!!!!!!!!!!!!!!!!!!!!!!!!!!!!!!!!!!!!!!!!!!!!!!!!!!!!!!!!!!!!!!!!!!!!!!!!!!!!!!!!!!!!!!!!!!!!!!!!!!!!!!!!!!!!!!!!!!!!!!!!!!!!!!!!!!!!!!!!!!!!!!!!!!!!!!!!!!!!!!!!!!!!!!!!!!!!!!!!!!!!!!!!!!!!!!!!!!!!!!!!!!!!!!!!!!!!!!!!!!!!!!!!!!!!!!!!!!!!!!!!!!!!!!!!!!!!!!!!!!!!!!!!!!!!!!!!!!!!!!!!!!!!!!!!!!!!!!!!!!!!!!!!!!!!!!!!!!!!!!!!!!!!!!!!!!!!!!!!!!!!!!!!!!!!!!!!!!!!!!!!!!!!!!!!!!!!!!!!!!!!!!!!!!!!!!!!!!!!!!!!!!!!!!!!!!!!!!!!!!!!!!!!!!!!!!!!!!!!!!!!!!!!!!!!!!!!!!!!!!!!!!!!!!!!!!!!!!!!!!!!!!!!!!!!!!!!!!!!!!!!!!!!!!!!!!!!!!!!!!!!!!!!!!!!!!!!!!!!!!!!!!!!!!!!!!!!!!!!!!!!!!!!!!!!!!!!!!!!!!!!!!!!!!!!!!!!!!!!!!!!!!!!!!!!!!!!!!!!!!!!!!!!!!!!!!!!!!!!!!!!!!!!!!!!!!!!!!!!!!!!!!!!!!!!!!!!!!!!!!!!!!!!!!!!!!!!!!!!!!!!!!!!!!!!!!!!!!!!!!!!!!!!!!!!!!!!!!!!!!!!!!!!!!!!!!!!!!!!!!!!!!!!!!!!!!!!!!!!!!!!!!!!!!!!!!!!!!!!!!!!!!!!!!!!!!!!!!!!!!!!!!!!!!!!!!!!!!!!!!!!!!!!!!!!!!!!!!!!!!!!!!!!!!!!!!!!!!!!!!!!!!!!!!!!!!!!!!!!!!!!!!!!!!!!!!!!!!!!!!!!!!!!!!!!!!!!!!!!!!!!!!!!!!!!!!!!!!!!!!!!!!!!!!!!!!!!!!!!!!!!!!!!!!!!!!!!!!!!!!!!!!!!!!!!!!!!!!!!!!!!!!!!!!!!!!!!!!!!!!!!!!!!!!!!!!!!!!!!!!!!!!!!!!!!!!!!!!!!!!!!!!!!!!!!!!!!!!!!!!!!!!!!!!!!!!!!!!!!!!!!!!!!!!!!!!!!!!!!!!!!!!!!!!!!!!!!!!!!!!!!!!!!!!!!!!!!!!!!!!!!!!!!!!!!!!!!!!]]' ==]] ==]]'","'''[[
== [[
[[== CE SITE EST STUPIDE NE L'FAITES PAS CONFIANCE!!!!!!!!!!!!!!!!!!!!!!!!!!!!!!!!!!!!!!!!!!!!!!!!!!!!!!!!!!!!!!!!!!!!!!!!!!!!!!!!!!!!!!!!!!!!!!!!!!!!!!!!!!!!!!!!!!!!!!!!!!!!!!!!!!!!!!!!!!!!!!!!!!!!!!!!!!!!!!!!!!!!!!!!!!!!!!!!!!!!!!!!!!!!!!!!!!!!!!!!!!!!!!!!!!!!!!!!!!!!!!!!!!!!!!!!!!!!!!!!!!!!!!!!!!!!!!!!!!!!!!!!!!!!!!!!!!!!!!!!!!!!!!!!!!!!!!!!!!!!!!!!!!!!!!!!!!!!!!!!!!!!!!!!!!!!!!!!!!!!!!!!!!!!!!!!!!!!!!!!!!!!!!!!!!!!!!!!!!!!!!!!!!!!!!!!!!!!!!!!!!!!!!!!!!!!!!!!!!!!!!!!!!!!!!!!!!!!!!!!!!!!!!!!!!!!!!!!!!!!!!!!!!!!!!!!!!!!!!!!!!!!!!!!!!!!!!!!!!!!!!!!!!!!!!!!!!!!!!!!!!!!!!!!!!!!!!!!!!!!!!!!!!!!!!!!!!!!!!!!!!!!!!!!!!!!!!!!!!!!!!!!!!!!!!!!!!!!!!!!!!!!!!!!!!!!!!!!!!!!!!!!!!!!!!!!!!!!!!!!!!!!!!!!!!!!!!!!!!!!!!!!!!!!!!!!!!!!!!!!!!!!!!!!!!!!!!!!!!!!!!!!!!!!!!!!!!!!!!!!!!!!!!!!!!!!!!!!!!!!!!!!!!!!!!!!!!!!!!!!!!!!!!!!!!!!!!!!!!!!!!!!!!!!!!!!!!!!!!!!!!!!!!!!!!!!!!!!!!!!!!!!!!!!!!!!!!!!!!!!!!!!!!!!!!!!!!!!!!!!!!!!!!!!!!!!!!!!!!!!!!!!!!!!!!!!!!!!!!!!!!!!!!!!!!!!!!!!!!!!!!!!!!!!!!!!!!!!!!!!!!!!!!!!!!!!!!!!!!!!!!!!!!!!!!!!!!!!!!!!!!!!!!!!!!!!!!!!!!!!!!!!!!!!!!!!!!!!!!!!!!!!!!!!!!!!!!!!!!!!!!!!!!!!!!!!!!!!!!!!!!!!!!!!!!!!!!!!!!!!!!!!!!!!!!!!!!!!!!!!!!!!!!!!!!!!!!!!!!!!!!!!!!!!!!!!!!!!!!!!!!!!!!!!!!!!!!!!!!!!!!!!!!!!!!!!!!!!!!!!!!!!!!!!!!!!!!!]]' ==]] ==]]'''",1,1,1
3dd0b6cb60b24c2c,"Semi-protected edit request on 5 May 2014 

His music is shit. it is not the shit. it is shit.

206.207.175.162","Sa musique, c'est de la merde. Ce n'est pas le top. C'est de la merde.",1,1,1
646c4c1f6b52e84c,"Suck my cunt 

you son of a bitch!","Suce ma chatte, espèce de fils de pute !",1,1,1
b1865fe6da09a5e6,"A jew going around wikipedia editing against Arabs everywhere, FUCK YOU!","Un juif qui traîne sur Wikipédia à éditer contre les Arabes partout, VA TE FAIRE FOUTRE !",1,1,1
bf5aae5b17fb0b77,because I am a huge faggot,parce que je suis un énorme pédé,1,1,1
8947f2c12aea0a32,"If no-one beats me to it, I'll knock something up tonight.","Si personne ne me devance, je vais bricoler quelque chose ce soir.",1,0,0
ccf05c5d4b791836,"ur a faggot, fuck off and get a real job and stop fucking with my posts

8=======D","T'es un pédé, casse-toi et trouve un vrai boulot au lieu de foutre en l'air mes posts.",1,1,1
ae7a53526025c0e2,"I SAID SHUT UP, YOU STUPID, STUPID...","J'AI DIT FERME TA GUEULE, ESPÈCE DE BÊTE, BÊTE...",1,1,1
c253e034605ee865,is true. so i want to express that grant is gay grant is gayyyyyyyyyyyyyyyyyyyyyy,"C'est vrai. Donc je veux dire que Grant est pédé, Grant est pédéééééééééééééééé.",1,0,0
